shot_id,pipeline_ms,bake_ms,gpu_render_ms
pre_volcanic_single_seed42,2.786584,12.6205,27.688667
post_volcanic_single_seed42,19.563917,12.873542,24.022208
pre_volcanic_twin_seed42,3.3635840000000004,16.389625000000002,21.794917
post_volcanic_twin_seed42,27.9075,18.470292,22.236124999999998
pre_caldera_seed42,2.543,12.4565,29.968083
post_caldera_seed42,16.206124999999997,11.885667000000002,27.154167
