shot_id,pipeline_ms,bake_ms,gpu_render_ms
hero_volcanic_single_seed42,19.565458,13.909875,31.302042000000004
hero_volcanic_twin_seed42,27.412042,16.034416999999998,22.154625
hero_caldera_seed42,16.354666,11.381208,27.081917
hero_volcanic_single_seed123,18.708375,12.622708,24.097958
hero_volcanic_twin_seed123,29.636625,15.219875,25.254458
hero_caldera_seed123,15.506125,11.84075,26.94425
hero_volcanic_single_seed777,19.757,12.400625,24.015791
hero_volcanic_twin_seed777,27.125041999999997,15.572208,22.365416
hero_caldera_seed777,16.259625,11.440709,27.136582999999998
